{
    "ambientocclusion": false,
    "textures": {
        "particle": "block/lily_pad",
        "texture": "block/lily_pad",
        "flower": "block/lily_pad_flower"
    },
    "elements": [
        {   "from": [  0, 0.25,  0 ],
            "to":   [ 16, 0.25, 16 ],
            "faces": {
              "down":  { "uv": [  0, 16, 16,  0 ], "texture": "#texture", "tintindex": 0 },
                "up":  { "uv": [  0,  0, 16, 16 ], "texture": "#texture", "tintindex": 0 }
            }
        },
        {   "from": [ 2.6, 0.25, 8 ],
        "to": [ 13.4, 16, 8 ],
        "rotation": { "origin": [ 8, 8, 8 ], "axis": "y", "angle": 45, "rescale": true },
        "faces": {
            "north": { "uv": [ 0, 0, 16, 16 ], "texture": "#flower" },
            "south": { "uv": [ 0, 0, 16, 16 ], "texture": "#flower" }
        }
    },
    {   "from": [ 8, 0.25, 2.6 ],
        "to": [ 8, 16, 13.4 ],
        "rotation": { "origin": [ 8, 8, 8 ], "axis": "y", "angle": 45, "rescale": true },
        "faces": {
            "west": { "uv": [ 0, 0, 16, 16 ], "texture": "#flower" },
            "east": { "uv": [ 0, 0, 16, 16 ], "texture": "#flower" }
        }
    }
    ]
}
