{"variants":{"":[{"model":"minecraft:block/red_sand"},{"model":"minecraft:block/red_sand","x":90},{"model":"minecraft:block/red_sand","x":180},{"model":"minecraft:block/red_sand","x":270},{"model":"minecraft:block/red_sand","y":90},{"model":"minecraft:block/red_sand","y":90,"x":90},{"model":"minecraft:block/red_sand","y":90,"x":180},{"model":"minecraft:block/red_sand","y":90,"x":270},{"model":"minecraft:block/red_sand","y":180},{"model":"minecraft:block/red_sand","y":180,"x":90},{"model":"minecraft:block/red_sand","y":180,"x":180},{"model":"minecraft:block/red_sand","y":180,"x":270},{"model":"minecraft:block/red_sand","y":270},{"model":"minecraft:block/red_sand","y":270,"x":90},{"model":"minecraft:block/red_sand","y":270,"x":180},{"model":"minecraft:block/red_sand","y":270,"x":270}]}}